{
  "model/json/Layout.json": 1684993254388,
  "model/models.js": 1684993253424,
  "model/json/Employees.json": 1684993254388,
  "model/json/Countries.json": 1684993254388,
  "model/json/Config.json": 1684993254388,
  "utils/locate-reuse-libs.js": 1684993248696,
  "i18n/i18n.properties": 1684993252956,
  "model/formatter.js": 1684993253424,
  "libs/SignaturePad.js": 1684993248696,
  "controller/OrderDetails.controller.js": 1684993251192,
  "controller/Master.controller.js": 1684993251192,
  "controller/Details.controller.js": 1684993251220,
  "controller/Container.controller.js": 1684993251192,
  "controller/BaseController.js": 1684993251192,
  "controller/App.controller.js": 1684993251192,
  "control/Signature.js": 1684998315961,
  "manifest.json": 1685289345271,
  "Component.js": 1684993253940,
  "controller/Details-dbg.controller.js": 1684993251220,
  "controller/Details.controller.js.map": 1685289345697,
  "utils/locate-reuse-libs-dbg.js": 1684993248696,
  "utils/locate-reuse-libs.js.map": 1685289345734,
  "model/formatter-dbg.js": 1684993253424,
  "model/formatter.js.map": 1685289345660,
  "libs/SignaturePad-dbg.js": 1684993248696,
  "libs/SignaturePad.js.map": 1685289345836,
  "controller/OrderDetails-dbg.controller.js": 1684993251192,
  "controller/OrderDetails.controller.js.map": 1685289345791,
  "controller/Master-dbg.controller.js": 1684993251192,
  "controller/Master.controller.js.map": 1685289345804,
  "model/models-dbg.js": 1684993253424,
  "model/models.js.map": 1685289345759,
  "controller/Container-dbg.controller.js": 1684993251192,
  "controller/Container.controller.js.map": 1685289345834,
  "controller/BaseController-dbg.js": 1684993251192,
  "controller/BaseController.js.map": 1685289345804,
  "controller/App-dbg.controller.js": 1684993251192,
  "controller/App.controller.js.map": 1685289345833,
  "control/Signature-dbg.js": 1684998315961,
  "control/Signature.js.map": 1685289345849,
  "Component-dbg.js": 1684993253940,
  "Component.js.map": 1685289345840,
  "Component-preload.js": 1685289346219,
  "Component-preload.js.map": 1685289346219,
  "view/OrderDetails.view.xml": 1685287309654,
  "view/Master.view.xml": 1684993254016,
  "view/Details.view.xml": 1684993254016,
  "view/Container.view.xml": 1684993254036,
  "view/App.view.xml": 1684993254016,
  "fragment/TableOrders.fragment.xml": 1684993248696,
  "fragment/TableEmployee.fragment.xml": 1684993248696,
  "fragment/NewIncidence.fragment.xml": 1684993248696,
  "fragment/DialogOrders.fragment.xml": 1684993248696,
  "css/style.css": 1684993134863,
  "index.html": 1684998045615
}